{
  "accuracy": 0.44998053717399766,
  "auc": 0.6655521996371545,
  "sensitivity": 0.47715621766438465,
  "sensitivities_per_class": {
    "normal": 0.4616216216216216,
    "pneumonia": 0.6258620689655172,
    "tuberculosis": 0.34398496240601506
  },
  "model_name": "FastCNN"
}